nombre,apellido,edad,estatura
Nissa,Cauderlie,46,150.52
Leta,Drezzer,34,175.48
Kristel,Dutteridge,18,216.32
Briney,Stirton,28,190.97
Jewel,Duetsche,53,187.72
Phylys,Espinoza,53,194.72
Dione,Strange,44,141.74
Suellen,Bahia,14,186.42
Gillie,Killerby,44,206.48
Aila,Gowar,19,174.32
Junie,Leythley,51,215.39
Dorene,Giraudat,12,214.93
Tessie,Mumbey,39,215.01
Hermione,Beyn,25,182.81
Korney,Alasdair,15,156.96
Charita,Choupin,33,160.0
Maryjo,Byers,20,195.46
Myrtie,Mateuszczyk,25,194.91
Lindi,Stanwix,23,163.61
Valida,Hargreves,27,192.15
Roda,Eglin,20,164.26
Willy,Gillebride,22,150.42
Van,Klouz,51,187.21
Martha,Enevoldsen,20,194.24
Corliss,Elcome,55,197.61
Heloise,Caldron,37,148.68
Ysabel,Swannie,10,171.03
Suki,Woodward,38,142.56
Jen,Gorman,46,154.82
Torie,Leeb,20,183.32
Aliza,Stallen,33,160.17
Fawnia,Gabbitis,37,157.28
Essie,Benard,13,156.68
Lauryn,Devany,49,161.72
Waly,Andriessen,22,157.77
Florella,Claremont,33,184.07
Gay,Firle,41,193.0
Lynda,Mityashev,51,183.1
Peg,Graeme,46,172.68
Ardenia,Lidell,24,203.07
Reena,Hugonnet,23,156.57
Rasia,Trussell,52,179.77
Willa,Proven,34,182.05
Chryste,Aronsohn,43,184.72
Cindie,Trubshawe,26,154.02
Wendi,Whardley,22,176.69
Athene,Penwarden,49,146.52
Emeline,Mattiazzi,42,212.61
Grethel,Dryden,41,196.54
Cindy,Gallardo,49,189.94
Florry,Ribey,27,176.78
Patty,Laidlaw,16,161.51
Elysia,MacDonagh,50,186.08
Rosemary,Burch,14,188.37
Dayle,Molen,14,184.83
Kayla,Roglieri,24,162.07
Mira,Cosstick,28,182.71
Hermione,Dumbrell,25,182.14
Regina,McElwee,51,161.17
Randee,Stichel,32,153.92
Lonni,Dibb,49,195.36
Ginelle,Goligly,35,188.58
Felita,Cadden,35,149.16
Friederike,Perkis,40,147.68
Cassandry,Gentiry,16,154.34
Jeni,Avraam,14,204.58
Pandora,Dooly,41,204.26
Shelbi,Gibson,30,178.57
Yvette,Jurczyk,28,180.73
Judie,Pinckney,18,196.29
Dehlia,Kenwright,17,215.78
Beatriz,Gethins,36,170.0
Grayce,Long,54,212.89
Amalia,Kettlestringe,48,163.75
Minny,Garrad,11,207.64
Eleonore,Shand,28,191.1
Sherrie,Kilfoyle,19,154.06
Guillemette,D'Antonio,17,173.59
Malorie,Littrell,49,219.51
Wylma,Howels,42,194.36
Charmion,Cooley,31,151.12
Lotte,Weson,29,174.04
Persis,Cattermull,48,147.57
Aarika,Wegenen,50,142.59
Alys,O'Doghesty,47,189.97
Gwennie,Winsborrow,36,218.05
Belvia,Caldecott,14,210.18
Rikki,Magnay,40,194.13
Grissel,Pentelo,22,180.34
Alikee,Bickley,20,210.42
Antonetta,Perrott,37,171.12
Astrix,Pariso,28,150.59
Tildi,Muzzlewhite,23,205.83
Dulcinea,Lafayette,11,184.81
Andriana,Chesher,18,198.83
Edna,Wetwood,17,213.71
Sheila-kathryn,Christofe,53,177.92
Joann,Lanning,33,197.12
Gabie,Parsley,50,160.35
Simonne,Edkins,21,193.66
Melesa,Longwood,33,150.68
Merla,Mounfield,52,177.49
Adi,Robotham,23,156.3
Walliw,Fingleton,43,206.4
Margarethe,Milesap,40,183.86
Sigrid,Shepton,17,175.29
Birgit,Haliburton,29,211.74
Gabbey,Petticrow,52,187.63
Rafaelia,Gerish,36,149.86
Lisa,Morrant,12,176.12
Maritsa,Aujean,12,160.47
Sunny,Tomaino,37,176.2
Dorothee,Donohue,15,151.77
Mignonne,Stallworthy,34,160.22
Augustina,Beat,22,189.62
Felicle,Vondrys,23,210.29
Kimberly,Farrow,21,175.92
Tamera,Mathwen,48,172.16
Kellyann,Stanluck,23,155.08
Jacquette,Haseman,50,155.74
Guinna,Marson,22,198.21
Calypso,Tommis,37,217.27
Lucretia,Volcker,49,216.51
Dodie,Corrington,24,215.75
Ester,Buff,49,187.89
Joyan,Guidera,26,153.72
Tabatha,Darrell,40,211.84
Lonnie,Dufaur,29,165.74
Pier,Dorot,17,209.35
Gwyn,Thursby,28,144.88
Iona,Humphrey,38,172.67
Vere,McGreay,54,195.92
Sheilah,Shoosmith,24,178.24
Rosella,Wardel,39,215.19
Janette,Sutlieff,27,170.32
Deni,Pudge,26,163.22
Meta,Bewly,44,172.88
Alexis,Ions,27,172.63
Channa,Artinstall,31,151.58
Lucienne,Alton,25,218.26
Birgitta,Lionel,53,161.67
Samara,Bank,34,162.41
Annabelle,Ritchard,14,152.16
Marcille,Swaffield,41,218.01
Cordey,Brace,44,168.47
Kristyn,Jerche,16,157.17
Joyan,Caseborne,44,147.06
Marcella,Connew,19,212.78
Amelina,Konertz,37,204.71
Isa,Wixon,14,187.84
Melany,Morrowe,17,207.21
Larina,O'Farrell,37,210.07
Kip,Whewell,29,168.34
Alikee,MacFarlan,47,194.23
Alica,Hanscom,47,190.95
Sena,Abramovicz,28,216.99
Miguelita,Hunnaball,54,200.21
Libby,Bollins,46,166.36
Starla,Samper,32,152.32
Babette,Denisot,53,205.96
Diandra,Chapelhow,19,201.87
Devan,Shobbrook,43,202.43
Ailina,Perrelli,55,205.94
Belle,Birkenshaw,43,219.44
Lotti,Giotto,49,140.77
Robbi,Lakes,23,206.57
Cindie,Vakhrushin,52,207.95
Stephanie,Ortet,10,209.85
Verena,Phethean,24,172.82
Ramona,Noteyoung,45,205.97
Simonette,Pinkard,27,174.07
Charis,Ionn,20,179.67
Bili,Waldie,13,174.81
Flori,Niave,23,140.36
Morna,Gregr,25,141.58
Jada,Walework,16,200.37
Lonni,Earp,24,199.89
Alisha,De Blasio,54,187.99
Anthiathia,Killough,30,189.25
Edythe,Pacht,28,160.6
Windy,Onele,12,147.55
Dagmar,Duham,42,162.44
Miranda,Cressar,17,142.06
Marie,Drakeley,10,198.07
Mary,Shellard,48,187.28
Tatiania,Redhills,28,188.95
Evaleen,Schuler,50,180.2
Shina,Murrthum,48,159.2
Siana,Pidon,50,199.26
Ginger,Lindemann,15,197.29
Zelma,Hadlington,39,144.9
Vikki,Pashby,52,180.99
Clarinda,MacPhee,12,166.25
Alane,Stegers,10,149.74
Carmelle,Mounce,26,143.95
Wilma,Sibbit,54,169.21
Con,Ovise,40,184.57
Constantina,Klimsch,29,179.71
Lorry,Hunsworth,23,173.15
Hildegaard,Keeltagh,28,205.07
Kelly,Cranstone,33,156.32
Celene,Parrott,17,179.18
Ursulina,Wynett,32,196.05
Nydia,Elwood,44,195.87
Aurilia,Ropkes,43,174.46
Albertine,Chiswell,21,193.51
Kathlin,Brawn,47,210.56
Onida,Jearum,55,184.96
Amalia,Worcester,29,147.87
Charissa,Hanalan,51,187.43
Loralie,Jehu,54,148.92
Clovis,Burfield,53,203.47
Allsun,Blogg,10,204.28
Jerrilee,Mathys,14,212.65
Darell,Blower,48,160.12
Hanni,Ettles,11,198.7
Lucille,Laurisch,21,213.53
Karissa,Arnopp,24,169.85
Sunshine,Barnwall,15,155.35
Ines,Scully,39,196.8
Farah,Lashmar,20,145.7
Ailina,Martygin,49,218.58
Randene,Andresser,47,189.11
Tiffani,Dillet,50,174.26
Danyelle,Barfford,30,148.03
Dionis,Bransdon,32,141.73
Lenee,Sidey,50,205.59
Carola,Masedon,47,177.15
Jacquetta,Stoodley,18,161.11
Amalea,Douce,44,175.01
Emily,Kimble,44,205.68
Leola,Beretta,42,207.07
Suzanna,Lettsom,54,152.57
Martica,Heaslip,48,170.13
Cate,Atley,36,157.59
Lucia,Ellum,39,190.14
Valenka,Alway,39,206.45
Pearl,Block,41,159.81
Nelli,Batter,32,160.35
Betteann,Thornhill,51,185.57
Hillary,Seago,52,183.34
Clarabelle,Holbie,22,154.84
Ralina,Wagner,19,205.94
Caro,Small,47,209.81
Caye,Burch,24,161.04
Anabal,Jezard,55,140.51
Noreen,Needs,45,180.62
Alla,Shawel,49,214.18
Nettle,Milbourn,27,178.22
Emma,Yuille,49,214.98
Poppy,Chadburn,35,196.61
Sophey,Davies,47,207.75
Kyle,Jaffa,40,164.12
Corrina,Leggan,33,141.73
Kayley,Dannohl,52,154.62
Domini,Calbrathe,48,184.8
Ange,Studde,27,170.48
Aprilette,Savaage,37,162.15
Leanna,Bidewel,24,184.66
Bernice,Giacubbo,46,207.2
Marcy,Stanistreet,37,175.24
Bellanca,Durnan,43,196.92
Johna,Willwood,16,176.05
Elfrida,Whorlton,32,186.43
Nari,Coneron,29,203.52
Benedetta,Calles,17,216.83
Cortney,Dyet,54,159.97
Lark,Bowmen,44,170.59
Kipp,Simms,52,185.72
Clarisse,Mandeville,41,194.32
Corabelle,Smail,30,206.89
Sibbie,Bruffell,55,163.5
Hanny,Leyband,54,151.67
Aurlie,McCarroll,15,206.8
Cassandry,Clemmens,35,187.3
Ronda,Kenneford,31,162.99
Roseanna,Hambright,42,200.71
Ketty,Russe,21,148.52
Sunshine,Baxandall,21,143.32
Thomasina,Dain,25,190.18
Raychel,Hartzogs,38,160.51
Laina,Lantuff,26,159.65
Aurore,Bewshea,29,175.7
Helene,Hasel,39,169.34
Melinda,Dumphry,49,215.87
Karolina,Greatbank,48,180.6
Dulcinea,Claricoates,51,145.55
Binny,O'Hartnedy,35,152.35
Hedvig,Choake,29,196.48
Gianna,O'Crevan,54,179.62
Patricia,Ledgley,53,195.51
Bessy,Mallinder,41,184.61
Raven,Ithell,14,190.1
Beverie,Cearley,37,159.92
Marcelle,Reagan,55,175.04
Xylina,Creevy,52,163.82
Olva,Trahear,19,151.73
Luelle,Sauvan,28,141.28
Hesther,Toun,11,167.02
Rasla,Theurer,47,186.79
Christy,Dunbleton,13,157.25
Nathalie,Cheales,54,202.82
Janeczka,Chellenham,25,179.36
Sib,Jennings,28,165.33
Josephine,Jans,53,194.54
Glenine,Deeley,32,163.31
Johannah,Zuann,46,188.23
Jaynell,Ronchetti,39,157.62
Noni,Bedward,20,170.28
Dorene,Biggin,23,218.01
Myrtie,McPhillimey,52,141.61
Deny,Midden,31,211.08
Randy,Keightley,24,189.86
Loralee,Spence,10,202.19
Lucilia,Hazzard,54,187.38
Mary,Giorgini,11,206.43
Winnifred,Daish,53,185.21
Adelice,Smickle,46,205.46
Nettle,Androletti,31,191.19
Evanne,Chooter,50,198.15
Lenna,Rate,12,168.03
Ayn,Glencorse,50,192.86
Carlene,Minto,46,185.52
Wendye,Tills,54,157.48
Megen,Wikey,14,209.93
Sukey,Wickersley,14,182.56
Pattie,Hammond,53,202.69
Maressa,Elldred,22,218.45
Gabrila,Barti,45,176.46
Zonda,Riddiough,28,153.37
Dela,Danielis,10,203.0
Justina,Trillow,45,217.95
Annalee,Manton,52,163.09
Nara,Beardall,51,214.27
Kellen,Haly,24,205.14
Daphene,Pickthorne,35,219.15
Melany,Ouchterlony,18,191.96
Jessica,Corkitt,29,196.64
Zonda,Longland,15,148.47
Liz,Outlaw,40,185.03
Tommy,Yewdell,49,190.7
Rosalind,Hollier,17,215.73
Juli,Birley,46,175.77
Leisha,Stoppard,12,174.9
Annabell,Coulsen,52,153.71
Neda,Jeafferson,49,163.21
Elisabeth,Atcheson,13,207.1
Jocelin,Blaes,36,205.07
Florella,Forbes,51,168.38
Jonie,Friedenbach,27,162.22
Clementine,Costley,16,168.81
Gayle,Fingleton,39,215.79
Karilynn,Franks,14,175.01
Amargo,Sanchez,33,176.26
Corrie,Winnister,40,154.29
Christine,Flips,38,162.82
Taffy,Neggrini,14,208.19
Esther,Battson,23,165.75
Germana,Lobell,35,155.22
Leone,Learmount,30,142.74
Lissy,Rubinshtein,54,218.19
Calley,Giacobini,23,200.94
Jackqueline,Quan,44,187.55
Kai,Kepling,49,177.49
Martina,Rushmer,48,147.82
Robinett,Granger,40,155.56
Rikki,Farnin,35,177.9
Kimberlyn,Prendergast,39,194.86
Codi,Biglin,30,188.21
Vivi,Ullyatt,43,164.55
Shelia,Ramelet,42,170.96
Bertha,Mallett,47,201.27
Astra,Rao,20,171.54
Lynda,Philcott,54,180.21
Lori,McCorkindale,30,193.77
Kristy,Schnieder,55,181.36
Merrie,Jeste,42,206.52
Judie,Rain,51,214.11
Dasie,Quincey,15,155.75
Heidi,Sollam,49,162.93
Dasha,Gruszczak,39,153.05
Sonja,Greenwood,22,207.99
Pansie,Masding,52,157.93
Krissie,Cantopher,22,161.75
Norrie,de Clerc,40,178.21
Dasie,M'Quharg,25,189.54
Claude,Pickles,25,174.27
Elsbeth,Archanbault,48,175.45
Joanne,Ruste,34,202.07
Kirsten,Tunn,15,140.72
Mercie,Moreton,14,192.58
Tate,O'Deoran,25,164.41
Fina,Kramer,46,183.2
Cyndie,Yexley,38,174.45
Shirlee,Sweeten,13,189.83
Stafani,Letcher,55,205.49
Germaine,Heisham,48,216.23
Cinda,Kirby,22,171.34
Cinda,Tyne,44,208.22
Madelon,Rotlauf,33,159.45
Miranda,Patsall,29,167.07
Henriette,Wain,25,176.26
Stacey,Kilmartin,46,204.9
Marylee,Bolton,45,202.16
Rhetta,Hubbucke,51,192.96
Erda,Fawcitt,50,161.62
Debee,Phythien,27,215.29
Tessa,Parlet,14,218.51
Mariellen,Guillou,20,213.14
Ketty,Malim,55,147.21
Andriana,Vedyasov,54,149.43
Alisun,Halgarth,32,211.91
Hetti,Iacovacci,38,206.42
Jessica,Malecky,25,174.66
Nollie,Penny,54,217.17
Vanny,Shoesmith,25,177.9
Daisi,Fisby,26,156.38
Mel,Gaymer,42,171.93
Caryl,Fontin,45,150.43
Maryanna,Dallan,22,143.53
Amargo,Dilks,41,201.91
Tessy,Petrelluzzi,38,216.67
De,Piola,22,140.75
Lucie,Dixcee,26,210.86
Fania,Shelly,17,183.78
Ilysa,Gleave,41,209.76
Gillan,Barhems,27,201.18
Remy,Ezzy,40,168.21
Celestyna,Oxbury,46,182.84
Kathryne,Mintoft,33,140.3
Valentine,Gudgion,53,141.27
Lexine,Sutterfield,27,167.22
Kellia,Smythin,46,158.48
Aida,Dipple,28,155.17
Meara,Teesdale,50,206.77
Mathilda,Isacq,55,186.24
Christiane,Struttman,48,203.41
Tersina,Dore,54,158.02
Adara,Scarsbrook,51,185.19
Filide,Dissman,19,219.61
Amara,Hartwright,53,210.5
Joane,Brantzen,36,175.0
Lucilia,Prahl,31,170.91
Roz,Tuffey,20,210.32
Merilee,Stealey,54,151.58
Grata,Gladdin,36,163.62
Chrysa,Baxstair,20,216.31
Estelle,Kewish,30,166.7
Candace,Hamner,49,198.76
Sibyl,Manners,51,147.55
Atalanta,Budnik,19,145.15
Cris,Ronisch,54,184.98
Peria,Pancast,29,167.16
Myrle,Sarney,43,193.12
Nata,Zuenelli,37,207.48
Cara,Husselbee,26,151.67
Mavis,Deeman,39,151.5
Truda,O'Fihily,48,212.18
Bebe,Belchamber,16,178.1
Arda,MacPhail,10,193.94
Lorna,Geddis,38,169.67
Jackie,Camilio,18,140.51
Saidee,Standbridge,37,183.43
Blinny,Doyland,34,185.02
Lila,Fearey,30,157.79
Lucita,Gasticke,27,210.02
Velma,Minico,55,160.23
Xaviera,Woolway,41,191.51
Adelaida,Milliere,23,148.51
Lorne,Saxon,27,201.22
Corliss,Fullegar,24,162.92
Gwynne,Dodridge,37,204.07
Kristel,Gregoraci,21,181.05
Millicent,Keeping,25,210.79
Yolanthe,Blinco,26,162.65
Cherlyn,Beinisch,14,188.05
Dorita,Summerson,46,196.44
Lynett,Dinwoodie,35,218.47
Elvera,Croke,47,196.95
Gertruda,Fasse,12,140.16
Modesta,Rowling,32,161.22
Ginnifer,Hardaway,15,150.26
Josy,Batram,45,172.12
Angel,Broddle,49,202.35
Silva,Sweedy,54,173.43
Celine,Jacob,41,157.46
Terri-jo,Hartill,10,215.49
Fanny,Macias,52,165.89
Joly,Skillicorn,55,141.62
Lucila,Arrigo,23,162.15
Anthia,Miners,27,180.3
Magdaia,O'Brien,52,192.77
Oralla,Domenge,22,146.57
Allegra,Ogglebie,16,189.79
Millie,Peppard,24,178.88
Giuditta,Follos,43,142.77
Shoshana,Sandeford,39,179.55
Lyssa,Domingues,48,213.13
Sheila-kathryn,Eyckelberg,37,202.73
Felita,Merrien,45,146.6
